原表行号,稳定点位ID,类型,名称,地址,最新Excel C列（原值保留）,来源坐标系,源经度GCJ02,源纬度GCJ02,正式经度WGS84,正式纬度WGS84,接入状态,县界检查,复核说明
2,canteen_row_002,后勤事业部,樊村河日料车间,沁水县樊村河乡镇府,"112.110878,35.801426",GCJ-02（用户确认全部来自高德）,112.110878,35.801426,112.104390316,35.801371906,已接入，近似转换WGS84,县界内,
3,canteen_row_003,后勤事业部,嘉峰镇政府,沁水县嘉峰镇潘庄村,"112.536578,35.61063",GCJ-02（用户确认全部来自高德）,112.536578,35.61063,112.530477943,35.610925005,已接入，近似转换WGS84,县界内,
4,canteen_row_004,后勤事业部,胡底镇政府,沁水县坪曲线胡底乡政府,"112.60898,35.708014",GCJ-02（用户确认全部来自高德）,112.60898,35.708014,112.602976662,35.708355346,已接入，近似转换WGS84,县界内,
5,canteen_row_005,后勤事业部,柿庄镇政府,沁水县柿庄55号,"112.710739,35.87768",GCJ-02（用户确认全部来自高德）,112.710739,35.87768,112.704512394,35.877811253,已接入，近似转换WGS84,县界内,
6,canteen_row_006,后勤事业部,柿庄林业站,,"112.18796,35.692882",GCJ-02（用户确认全部来自高德）,112.18796,35.692882,112.181631918,35.692978007,已接入，近似转换WGS84,县界内,
7,canteen_row_007,后勤事业部,河头共享食堂,沁水县河头村S331线河头村文化活动中心,"112.386131,35.731591",GCJ-02（用户确认全部来自高德）,112.386131,35.731591,112.379701124,35.73156763,已接入，近似转换WGS84,县界内,
8,canteen_row_008,后勤事业部,端氏开发区,沁水线端氏镇端氏治超办公室西南441米,"112.517735,35.66728",GCJ-02（用户确认全部来自高德）,112.517735,35.66728,112.511565386,35.667492341,已接入，近似转换WGS84,县界内,
9,canteen_row_009,后勤事业部,政府大灶,沁水县新建西街99号,"112.186532,35.690487",GCJ-02（用户确认全部来自高德）,112.186532,35.690487,112.180200647,35.690581463,已接入，近似转换WGS84,县界内,共用坐标，保留独立业务ID；点击可查看全部名称
10,canteen_row_010,后勤事业部,政府小灶,沁水县新建西街99号,"112.186532,35.690487",GCJ-02（用户确认全部来自高德）,112.186532,35.690487,112.180200647,35.690581463,已接入，近似转换WGS84,县界内,共用坐标，保留独立业务ID；点击可查看全部名称
11,canteen_row_011,后勤事业部,人大大灶,沁水县新建西街669号,"112.180657,35.687509",GCJ-02（用户确认全部来自高德）,112.180657,35.687509,112.174311293,35.68759385,已接入，近似转换WGS84,县界内,共用坐标，保留独立业务ID；点击可查看全部名称
12,canteen_row_012,后勤事业部,人大小灶,沁水县新建西街669号,"112.180657,35.687509",GCJ-02（用户确认全部来自高德）,112.180657,35.687509,112.174311293,35.68759385,已接入，近似转换WGS84,县界内,共用坐标，保留独立业务ID；点击可查看全部名称
13,canteen_row_013,后勤事业部,龙港镇政府,沁水县新建西街1515号,"112.172667,35.683611",GCJ-02（用户确认全部来自高德）,112.172667,35.683611,112.166301641,35.683682645,已接入，近似转换WGS84,县界内,
14,canteen_row_014,后勤事业部,东安食堂,沁水县龙岗路129号,"112.195218,35.690434",GCJ-02（用户确认全部来自高德）,112.195218,35.690434,112.188907771,35.690544276,已接入，近似转换WGS84,县界内,
15,canteen_row_015,后勤事业部,杨河食堂,沁水县滨河南路30号,"112.243848,35.68647",GCJ-02（用户确认全部来自高德）,112.243848,35.68647,112.237619276,35.686640751,已接入，近似转换WGS84,县界内,
16,canteen_row_016,后勤事业部,交通运输事业发展中心,沁水县331省道山水和园对面,"112.86075,35.478505",GCJ-02（用户确认全部来自高德）,112.86075,35.478505,112.854647209,35.47893294,已接入，近似转换WGS84,县界外,县界外点位已显示，地址对应可复核
17,canteen_row_017,后勤事业部,梁庄食堂,沁水县臻相农业科技有限公司,"112.110707,35.655321",GCJ-02（用户确认全部来自高德）,112.110707,35.655321,112.104235436,35.655328158,已接入，近似转换WGS84,县界内,
18,canteen_row_018,后勤事业部,沁水农林投食堂,沁水县杨河新路梅杏市场内,"112.193757,35.689357",GCJ-02（用户确认全部来自高德）,112.193757,35.689357,112.187443407,35.689465173,已接入，近似转换WGS84,县界内,
19,canteen_row_019,后勤事业部,恒达城市开发投资,沁水县日凤县移民小区西北侧90米,"112.163033,35.679437",GCJ-02（用户确认全部来自高德）,112.163033,35.679437,112.156644366,35.679492908,已接入，近似转换WGS84,县界内,
20,canteen_row_020,后勤事业部,苏庄大食堂,沁水县 苏庄派出所,"112.476,35.462169",GCJ-02（用户确认全部来自高德）,112.476,35.462169,112.469705661,35.462386694,已接入，近似转换WGS84,县界外,县界外点位已显示，地址对应可复核
21,canteen_row_021,后勤事业部,沁水县人民医院,沁水县人民医院,"112.231395,35.681623",GCJ-02（用户确认全部来自高德）,112.231395,35.681623,112.225154344,35.681787678,已接入，近似转换WGS84,县界内,
22,canteen_row_022,后勤事业部,沁水县公安局,沁水县新建东街2509号,"112.20828066725963,35.68728653851681",GCJ-02（用户确认全部来自高德）,112.20828066725963,35.68728653851681,112.202000025,35.687420015,已接入，近似转换WGS84,县界内,地址均指公安局院内，但坐标相距约2.72公里；保留原值，地址对应可复核
23,canteen_row_023,后勤事业部,龙港镇派出所,,"112.179033,35.686548",GCJ-02（用户确认全部来自高德）,112.179033,35.686548,112.172683315,35.68663024,已接入，近似转换WGS84,县界内,
24,canteen_row_024,后勤事业部,端氏镇派出所,山西省晋城市沁水县端氏镇端氏村新南街027号,"112.51714,35.665986",GCJ-02（用户确认全部来自高德）,112.51714,35.665986,112.510968411,35.666197214,已接入，近似转换WGS84,县界内,
25,canteen_row_025,后勤事业部,嘉峰镇派出所,山西省晋城市沁水县嘉峰镇潘庄村正西140米,"112.535429,35.610323",GCJ-02（用户确认全部来自高德）,112.535429,35.610323,112.529325357,35.610615139,已接入，近似转换WGS84,县界内,
26,canteen_row_026,后勤事业部,国华办案中心,山西省晋城市沁水县龙港镇新建东街2509号（县公安局院内）,"112.17813207705719,35.687339848532304",GCJ-02（用户确认全部来自高德）,112.17813207705719,35.687339848532304,112.171780039,35.687420024,已接入，近似转换WGS84,县界内,地址均指公安局院内，但坐标相距约2.72公里；保留原值，地址对应可复核
27,canteen_row_027,后勤事业部,中村派出所,山西省晋城市沁水县中村镇新建东路18号（中村政府旁）,"111.997508,35.564539",GCJ-02（用户确认全部来自高德）,111.997508,35.564539,111.991282095,35.564809411,已接入，近似转换WGS84,县界内,
28,canteen_row_028,后勤事业部,郑庄派出所,山西省晋城市沁水县郑庄镇郑庄村后场2号（坪曲线与郑王线交叉口南约40米）,"112.393976,35.733153",GCJ-02（用户确认全部来自高德）,112.393976,35.733153,112.387538944,35.73312289,已接入，近似转换WGS84,县界内,
29,canteen_row_029,后勤事业部,郑村派出所,山西省晋城市沁水县郑村镇肖庄村88号,"112.581807,35.605593",GCJ-02（用户确认全部来自高德）,112.581807,35.605593,112.575806401,35.605975778,已接入，近似转换WGS84,县界内,
30,canteen_row_030,后勤事业部,胡底派出所,山西省晋城市沁水县胡底乡桃弯街（331省道南50米）,"112.622913,35.705256",GCJ-02（用户确认全部来自高德）,112.622913,35.705256,112.616898665,35.705591293,已接入，近似转换WGS84,县界内,
31,canteen_row_031,后勤事业部,柿庄派出所,山西省晋城市沁水县柿庄镇北固线（镇政府附近）,"112.704804,35.875531",GCJ-02（用户确认全部来自高德）,112.704804,35.875531,112.698590648,35.875672252,已接入，近似转换WGS84,县界内,
32,canteen_row_032,后勤事业部,十里派出所,山西省晋城市沁水县十里乡河北村南窑上（754县道旁，定中线西米十字路口东北侧）,"112.602622,35.931869",GCJ-02（用户确认全部来自高德）,112.602622,35.931869,112.596596743,35.932136007,已接入，近似转换WGS84,县界内,
33,canteen_row_033,后勤事业部,张村派出所,山西省晋城市沁水县张村乡张村村（定中线旁，乡政府西南约100米）,"112.196568,35.578468",GCJ-02（用户确认全部来自高德）,112.196568,35.578468,112.190273127,35.578639853,已接入，近似转换WGS84,县界内,
34,canteen_row_034,后勤事业部,土沃派出所,山西省晋城市沁水县土沃乡土沃村008号,"112.113223,35.550361",GCJ-02（用户确认全部来自高德）,112.113223,35.550361,112.106764517,35.550428599,已接入，近似转换WGS84,县界内,
35,canteen_row_035,后勤事业部,固县派出所,山西省晋城市沁水县固县乡黑东线，固县乡政府正西120米（乡富铭小区西侧100米）,"112.601037,35.788075",GCJ-02（用户确认全部来自高德）,112.601037,35.788075,112.5950271,35.788385038,已接入，近似转换WGS84,县界内,
36,canteen_row_036,后勤事业部,梁庄幸福食堂,沁水县三三四省道梁庄村内,"112.943671,35.785743",GCJ-02（用户确认全部来自高德）,112.943671,35.785743,112.937523648,35.786019535,已接入，近似转换WGS84,县界外,县界外点位已显示，地址对应可复核
37,canteen_row_037,后勤事业部,工信局食堂,沁水县新建西街树理文化广场东北侧40米,"112.185119,35.688454",GCJ-02（用户确认全部来自高德）,112.185119,35.688454,112.178784358,35.688546773,已接入，近似转换WGS84,县界内,
38,canteen_row_038,后勤事业部,上川村森林消防食堂,沁水县上川村河东1号,"112.01876767473388,35.45031452470219",GCJ-02（用户确认全部来自高德）,112.01876767473388,35.45031452470219,112.012480075,35.450600077,已接入，近似转换WGS84,县界内,
39,canteen_row_039,后勤事业部,固县森林消防食堂,沁水县固县乡中条山国有林管理局固县林场东,"112.60077006368422,35.78966055838818",GCJ-02（用户确认全部来自高德）,112.60077006368422,35.78966055838818,112.594759003,35.789970048,已接入，近似转换WGS84,县界内,
40,canteen_row_040,后勤事业部,森林消防总队,沁水县北坛南路485号,"112.17978,35.696581",GCJ-02（用户确认全部来自高德）,112.17978,35.696581,112.173431095,35.69666004,已接入，近似转换WGS84,县界内,
41,canteen_row_041,后勤事业部,环保局食堂,山西省晋城市沁水县端氏镇端氏外环路汽车站旁,"112.52369993858287,35.678175537089245",GCJ-02（用户确认全部来自高德）,112.52369993858287,35.678175537089245,112.51755007,35.678400052,已接入，近似转换WGS84,县界内,
42,canteen_row_042,后勤事业部,开发区李庄园区食堂,山西省晋城市沁水县柿庄镇嘉沁农业公司柿庄应郭园区,"112.63827950830773,35.82103538519251",GCJ-02（用户确认全部来自高德）,112.63827950830773,35.82103538519251,112.632230022,35.821310018,已接入，近似转换WGS84,县界内,
43,canteen_row_043,后勤事业部,应急管理局食堂,山西省晋城市沁水县龙港镇新建东街482,"112.19311516485796,35.68933298786157",GCJ-02（用户确认全部来自高德）,112.19311516485796,35.68933298786157,112.186800034,35.689440021,已接入，近似转换WGS84,县界内,
44,canteen_row_044,后勤事业部,Z-固县镇政府,,"112.601961,35.791",GCJ-02（用户确认全部来自高德）,112.601961,35.791,112.595950748,35.79130908,已接入，近似转换WGS84,县界内,
45,canteen_row_045,后勤事业部,z-郑庄镇政府,沁水县郑庄村郑庄镇政府,"112.394764,35.731992",GCJ-02（用户确认全部来自高德）,112.394764,35.731992,112.388326525,35.731961888,已接入，近似转换WGS84,县界内,
46,canteen_row_046,后勤事业部,沁水县水务局,,无,GCJ-02（用户确认全部来自高德）,,,,,待补坐标,未绘制,缺坐标，补充高德坐标或现场GPS后接入
47,canteen_row_047,后勤事业部,沁水县行政审批服务管理局,,"112.219705,35.686961",GCJ-02（用户确认全部来自高德）,112.219705,35.686961,112.213446212,35.687110636,已接入，近似转换WGS84,县界内,
48,canteen_row_048,后勤事业部,沁水县总工会,,无,GCJ-02（用户确认全部来自高德）,,,,,待补坐标,未绘制,缺坐标，补充高德坐标或现场GPS后接入
49,canteen_row_049,后勤事业部,山西明源集团沁泽焦化有限公司,,"111.990806,35.564932",GCJ-02（用户确认全部来自高德）,111.990806,35.564932,111.984603033,35.565222038,已接入，近似转换WGS84,县界内,
50,canteen_row_050,后勤事业部,沁水县东关小学,山西省晋城市沁水县龙港镇新建东街1111,"112.19962994219726,35.690161944853685",GCJ-02（用户确认全部来自高德）,112.19962994219726,35.690161944853685,112.193330031,35.690280019,已接入，近似转换WGS84,县界内,
51,canteen_row_051,后勤事业部,沁水县示范初级中学校,山西省晋城市沁水县龙港镇新建西街575号,"112.18147378894324,35.688374039296",GCJ-02（用户确认全部来自高德）,112.18147378894324,35.688374039296,112.175130038,35.688460024,已接入，近似转换WGS84,县界内,
52,canteen_row_052,后勤事业部,沁水县住房和城乡建设管理局,山西省晋城市沁水县龙港镇新建西街511,"112.1822618251066,35.68849261431687",GCJ-02（用户确认全部来自高德）,112.1822618251066,35.68849261431687,112.175920038,35.688580024,已接入，近似转换WGS84,县界内,
53,canteen_row_053,后勤事业部,A-中村煤矿,,无,GCJ-02（用户确认全部来自高德）,,,,,待补坐标,未绘制,缺坐标，补充高德坐标或现场GPS后接入
54,canteen_row_054,后勤事业部,A-九鑫煤矿,,无,GCJ-02（用户确认全部来自高德）,,,,,待补坐标,未绘制,缺坐标，补充高德坐标或现场GPS后接入
55,canteen_row_055,后勤事业部,A-柳氏民居,山西省晋城市沁水县土沃乡西文兴村柳氏民居景区西北约247米,"112.1479798639946,35.562295337420686",GCJ-02（用户确认全部来自高德）,112.1479798639946,35.562295337420686,112.141570028,35.562390015,已接入，近似转换WGS84,县界内,
56,canteen_row_056,后勤事业部,A-历山,,无,GCJ-02（用户确认全部来自高德）,,,,,待补坐标,未绘制,缺坐标，补充高德坐标或现场GPS后接入
57,canteen_row_057,后勤事业部,A-沁和职工餐厅,,无,GCJ-02（用户确认全部来自高德）,,,,,待补坐标,未绘制,缺坐标，补充高德坐标或现场GPS后接入
58,canteen_row_058,后勤事业部,A-郑庄幼儿园,沁水县S80陵侯告诉出口与S80陵侯高速交叉口南500米,"112.252301,35.664737",GCJ-02（用户确认全部来自高德）,112.252301,35.664737,112.246079068,35.664920572,已接入，近似转换WGS84,县界内,
59,canteen_row_059,后勤事业部,A-郑庄初中,沁水县郑庄镇郑庄村郑庄中学,"112.39568,35.73037",GCJ-02（用户确认全部来自高德）,112.39568,35.73037,112.389242107,35.730340032,已接入，近似转换WGS84,县界内,
60,canteen_row_060,后勤事业部,A-郑庄小学,沁水县S331与郑王线交叉路口,"112.393927,35.73356",GCJ-02（用户确认全部来自高德）,112.393927,35.73356,112.387489934,35.733529752,已接入，近似转换WGS84,县界内,
61,canteen_row_061,后勤事业部,A-东大小学,沁水县郑庄镇东大村东大小学,"112.440246,35.718885",GCJ-02（用户确认全部来自高德）,112.440246,35.718885,112.433833154,35.718878072,已接入，近似转换WGS84,县界内,
62,canteen_row_062,后勤事业部,A-职中（晋宝绿珍）,沁水县沁东线职业中学,"112.14925,35.668171",GCJ-02（用户确认全部来自高德）,112.14925,35.668171,112.14283119,35.668209099,已接入，近似转换WGS84,县界内,
63,canteen_row_063,后勤事业部,A-龙港初中,沁水县沁东线龙港初中,"112.153655,35.67067",GCJ-02（用户确认全部来自高德）,112.153655,35.67067,112.147245507,35.670713936,已接入，近似转换WGS84,县界内,
64,canteen_row_064,后勤事业部,A-新乐幼儿园,沁水县新建西街46号,"112.187174,35.688769",GCJ-02（用户确认全部来自高德）,112.187174,35.688769,112.180844425,35.688865446,已接入，近似转换WGS84,县界内,
65,canteen_row_065,后勤事业部,A-晋宝绿珍（二中）,山西省晋城市高平市北城街街道友谊西街19,暂时无法确认,GCJ-02（用户确认全部来自高德）,,,,,待补坐标,未绘制,缺坐标，补充高德坐标或现场GPS后接入
66,store_row_066,门店,金御府店,山西省晋城市沁水县金域府北区商铺5号6/7/8号,"112.192893,35.691608",GCJ-02（用户确认全部来自高德）,112.192893,35.691608,112.186577087,35.691713587,已接入，近似转换WGS84,县界内,
67,store_row_067,门店,山水文苑店,晋城市沁水县山水文苑小区3号楼102号商铺,"112.23882,35.686724",GCJ-02（用户确认全部来自高德）,112.23882,35.686724,112.232587043,35.686891929,已接入，近似转换WGS84,县界内,
68,store_row_068,门店,柳苑店,晋城市沁水县柳苑商城121/122号,"112.187175,35.690156",GCJ-02（用户确认全部来自高德）,112.187175,35.690156,112.180845276,35.690251808,已接入，近似转换WGS84,县界内,
69,store_row_069,门店,示范初中店,晋城市沁水县新建西街557号,"112.172687,35.682562",GCJ-02（用户确认全部来自高德）,112.172687,35.682562,112.166321806,35.682634174,已接入，近似转换WGS84,县界内,
70,store_row_070,门店,梅河店,晋城市沁水县花园路438号,"112.19061,35.691845",GCJ-02（用户确认全部来自高德）,112.19061,35.691845,112.18428853,35.691946344,已接入，近似转换WGS84,县界内,
71,store_row_071,门店,丁香园店,晋城市沁水县新建东街3430号,"112.207356,35.688378",GCJ-02（用户确认全部来自高德）,112.207356,35.688378,112.201073302,35.688509538,已接入，近似转换WGS84,县界内,
72,store_row_072,门店,沁水大医院店,晋城市小岭社区安康路1号(沁水县医疗集团专家公寓楼202号),"112.186726,35.690119",GCJ-02（用户确认全部来自高德）,112.186726,35.690119,112.180395168,35.690213993,已接入，近似转换WGS84,县界内,
73,store_row_073,门店,山水和园店,晋城市沁水县山水和园家居建材生活港5号楼2号商业网点,"112.183562,35.689194",GCJ-02（用户确认全部来自高德）,112.183562,35.689194,112.177223391,35.689283522,已接入，近似转换WGS84,县界内,
74,store_row_074,门店,总部示范店,晋城市沁水县迎头桥东北50米(G342北),"112.122350,35.655438",GCJ-02（用户确认全部来自高德）,112.12235,35.655438,112.115888013,35.655450821,已接入，近似转换WGS84,县界内,共用坐标，保留独立业务ID；点击可查看全部名称
75,warehouse_row_075,园区,沁水供应链园区,晋城市沁水县迎头桥东北50米(G342北),"112.122350,35.655438",GCJ-02（用户确认全部来自高德）,112.12235,35.655438,112.115888013,35.655450821,已接入，近似转换WGS84,县界内,共用坐标，保留独立业务ID；点击可查看全部名称
